0,tweet text
1,grill kabob grill last night amaz glad thi weather final here
2,slowest ever weather make even wors
3,fire weather watch issu expir lubbock
4,go lunch earli today weather nice outsid go enjoy # metim somewher pleasant
5,weekend weather caus delay bridg work
6,pass work tonight storm today would nice would great sleep weather mmmm
7,warm weather forecast lift natur futur
8,friday stadium weather gone
9,hate thi weather good movi marathon though xmen
10,tgif biatch here sunni friday regardless rain drama # popularnameregardlessofparticip
11,good crowd wrigley today terribl weather tell that redneck that just call check red crowd game
12,storm onli that which authent your path
13,hous wash cloth thi raini # bore
14,# weather feel humid northwest wind
15,freez cold like alway whoo buddi excit tonight
16,shower thunderstorm move slowli over area area rain with embed thunderstorm will drift slow
17,here feel great
18,softwar queri three link degre articl jame burk link scienc historian which
19,need that warm weather come back
20,want sunshin back pleas come back
21,find delet iwit weather account least delet photo site which view
22,record humid phoenix today
23,thi what seattl like surpris somebodi kill rosi larsen everybodi must surli # thekil # rain
24,ditto should have worn short today hello humid
25,nice here sunni burbank california
26,normal pajama that cold
27,part thi storm system go make across mountain
28,cherri slush
29,# truck outsid
30,wztv weather
31,minchin storm rant anim use adob after effect flash photoshop wacom cintiq
32,from sunni boston weather fine wish were here american grill other
33,wait until tomorrow night that when still aliv tweet storm world end saturday
34,florida hotter outsid colder insid freez desk today
35,bonjour snow patrol great get samey thi what think
36,raini come round sometim just want slow down # coldplay
37,yeah talk these pic river rock oppos storm condit
38,look forward your show tonight salt lake citi weather suppos great hope toss pick
39,just arriv garrett degre go cool night
40,strongest storm cross natcher parkway south masonvil move into northern ohio counti # tristatewx
41,final compet with your weather sunni here chicago today
42,gon na take bath read plan make pasta puttanesca dinner weather make want chipotl chicken chowder
43,detail about person tub check latest site about chemic post
44,thunderstorm light drizzl vicin jacksonvil municip airport wind from south
45,just finish hour bosqu littl windi otherwis beauti about time summer
46,humid today
47,noth say happi cinco mayo like test raini # fail
48,storm safe weather been crazi late
49,super aw here weather moodi
50,walmart snow boot twitcon # sityoassdown badd
51,sever thunderstorm warn issu expir boulder
52,catch fish folk tomorrow wed downtown farmer market weather will great copper river sockey salmon great
53,tornado season realli over sever thunderstorm tornado form long cont
54,just someth realli storm know what dream
55,fuckin
56,after be told pink decad usda say cook pork pink degre next will they admit alien real
57,sunshin park hair scarv make life when stay night
58,# today # cub # giant game been postpon forecast inclement weather poor condit throughout
59,sever thunderstorm warn dakota goodhu rice steel counti until more
60,# weather feel humid north wind
61,cloud shower east sunni elsewher
62,thi kind weather make want swim
63,blog post weather killl golf
64,mmmmmm warm sunni afternoon patio tavern tech center
65,nice sunni
66,raini summer featur # vintag shoe
67,delici have been wait thi degre month joke been be real dirti girl
68,fuck degre muthafuck time half nake
69,honestli sound more like florida weather never been texa compar sunni again
70,hint windi nowher super just
71,thi cold weather readi someon els girlfriend # dontjudgem
72,least snow
73,favorit video keep sunni side june carter cash
74,sunshin
75,monali nice meet super jealou your profil pictur sure beat raini weather
76,what with raini weber
77,think cloudi super cool weather make xtra sleepi
78,live coverag weather delay amgen start until
79,freez wan na cuddl
80,awwww sound alway there need break anyway that fair want nice weather
81,thunderstorm today high
82,yourheart vacat hous nice weather beauti sight noth like thi
83,probabl new anyth blizzard probabl new anyth blizzard submit unknown
84,love fresh current fli warmer weather chill beat were perfect keep
85,winter storm warn snow inch
86,
87,
88,love weather right
89,thi weather keep under cover
90,paid work good hope have lot sunshin enjoy
91,there might some snow mountain live citi snow here
92,degre have outsid short # justcrazi
93,windi reason
94,spend afternoon downtown with famili walk around canal enjoy beauti weather # nomorerain
95,liter piss down sideway rain have noth protect from thi monstrou weather
96,got ta stun been work last month tri bodi xoxo
97,heart summer need snow plow
98,degre separ
99,gari say storm hope subtitl work celebr juic
100,love thunderstorm couldn stay enjoy
101,cold hell outsid they pool kickin
102,check post photo facebook album storm damag
103,would like powerad slush thank finna thi # happyhour flow sonic # yesy
104,horribl morn bring back sunshin
105,thang sunni anderson # sheesh
106,rrrrriiight tellin weather
107,need huge log branch there plenti float yellowston river right # rain # flood # bill
108,new current condit heavi thunderstorm rain temperat # new # greensboro
109,look like storm with wind within minut downtown # joplin
110,skywarn train last night rock certifi storm spot begin
111,palm beach counti commiss cite sunshin concern dump committe local leader
112,# weather feel humid north wind
113,# weather feel humid northwest wind
114,final temp outsid over
115,congrat trend what should trend # watchoutmav there about thunderstorm dalla
116,freez weloveswift
117,monday morn sunshin plan ahead plan week ahead monday morn
118,laugh storm think ignor just innoc
119,walk enjoy sunshin
120,five love snow patrol thi right street have repeat
121,them doin these twitter peopl gettin they doctor degre tryna leav today
122,even when rain fall even when flood stop rise even when storm come wash water
123,think those american nutter must have misinterpret weather forecast # raptur
124,keek love snow patrol have thi band been repeat sinc heard
125,memphi weather bipolar
126,welcom do great except sooo tire thi weather about
127,sunni beauti tulsa right decid spend sometim outsid offic work
128,morn sunshin
129,sunni again time land everi time think about go back portland start
130,degre what
131,didn brian anythng weather segment
132,play baltimorenetradio eddi rabbit love raini night
133,lanc berkman with snow cone dive catch yeah happen
134,accord weather phone everi go muffin
135,miami weather just like charli sheen polar
136,pour sepia coffe wisteria flower dandelion sunshin spill through periwinkl
137,freez butt long sand beach
138,wonder sunni edmond festiv # thelandofperfect
139,wake beauti weather what great will
140,helloooo sunshin
141,room freez cold
142,yeah time hard tell lifestyl then when find like should have known
143,heavi dust storm blanket part chandler good size dust storm blew through east valley blanket
144,# weather feel humid west wind
145,iforhuman extrem weather north america
146,bear river quest peat begin saturday # snow # utah
147,haha kinda though
148,storm pick lean into wind instead turn away from want keep balanc
149,stay safe event sever thunderstorm watch from
150,pretti much addict storm warn right amaz song
151,just caus there # shitstorm colbi make sunshin love
152,love jewelri book from powel much need inspir raini monday
153,great weekend thank sunni weather have insid hour work
154,jeff will miss oprah give shout onli weatherman could forecast # oprah
155,hahaha tell slush gon na next year
156,malibu show leas weather perfect click
157,haha amaz honor program that onli reason want there stand snow
158,free blizzard
159,just head everyon weather crazi everywher just where live thought need clear that
160,weather data humid wind from rain current advisori
161,complain freez room
162,weather put mood
163,hope thi night raini night
164,northern like under weather watch soon detail come
165,about metal storm wasp knife # awesomeweapon
166,unfortun same here sunni sky realli need some rain much depress much rain # pubwrit
167,stop storm just wait with patienc faith until storm pass away rainbow come bright your
168,freez thi stupid
169,unfortun thi wife doesn come with firewood those chilli night
170,relat know from storm spot counti
171,tatum temp dewpt wind rain # weather
172,cinderella snow white sleep beauti gon na pretti tick when they find they marri prin
173,freez cuddl alon
174,# weather feel humid south wind
175,storm hail pleas away catch flight home # ihatestorm
176,milit storm pakistani naval base karachi islamist milit storm naval base
177,watch degre south again enough thi movi
178,moab today went arch nation park wife kid peter after hike definit have come
179,slush explos date with steph # bond
180,sever storm damag southeast wisconsin height sunday sever storm thousand lost power
181,# nmfire # nmwx fire weather watch issu expir albuquerqu
182,hate thi polar weather antonio
183,shhhh just philippin where sunni shitti everyday
184,here hope weather there those toofan coupl week back
185,sever thunderstorm warn choctaw montgomeri webster counti until # mswx
186,polo boot degre weather # fail
187,weather didnt scare away from store tonight
188,dear # sanfrancisco thi weather blow rain thank pleas togeth thank
189,damn thi thunder storm kame where
190,last long storm that nice sunni neck wood
191,hell outsid today citi # decatur
192,will miss hope weather
193,just provacateur petit bootcut hannah wash perfect warmer weather
194,storm flood water repair call nextgen restor expert
195,woke beauti ball come over horizon where thou ball sunshin enjoy have your around
196,follow # glee # herecomestheboom # sunshin
197,sunni here closer
198,know say april shower bring sever thunderstorm
199,world hasn even happen crazi weather from earth chang possibl from
200,listen raini day
201,grate sunni warm weather perfect stroll beach with photo # cannonbeach # getaway
202,bentley storm relat fatal alabama
203,they cheep storm that where your mother look
204,been freez didn wana fool with # lazytweet
205,sunshin nonprofit improv environ special need individu through there sens touch hear smell sight
206,like degre some timbo short with full length leather coat # damsham
207,mari white alway fog even bright sunni
208,nation sever weather alert weatherbug
209,natur sunshin product report first quarter financi result
210,thi weather need that bull shit
211,final like degre take biggest exam year under these condit # stupidhot
212,yeah sick recent probabl weather someth
213,video fever surg heatwav
214,have been busi collect mart gift card give tornado storm victim present
215,watch enter dragon thi raini raini night then sleep
216,could realli some chocol blanket some music window right # rain
217,turn here hotel immedi meteorologist watch around kansa glad nice weather when land here
218,friday sunni awesom chicago happi weekend superfan
219,like brand northwest weather podcast page mark brian record their episod today
220,weather spotter report # tornado move toward joplin missouri
221,actual like # rain onli becaus umbrella cool # zebraprint
222,freez shit thi morn brother roommat left open window smooth
223,gardner humid feel like alert current advisori
224,listen kfor weather channel they report tornado mile wide debri mile around tornado
225,watch knwa skoff clint boon track sever weather benton counti possibl tornado brew
226,they just interrupt emerg weather program with anoth emerg weather warn take ass bath
227,weather suck late hurrican gon na stop from get swag
228,love thi iowa weather that goe from warm sunni raini lighten less than second
229,go sunni degre # boston today that what they said just day rain # enoughisenough
230,feel humid wind gust pressur # weather
231,happi mother enjoy sunshin look forward father
232,head maker fair thi weekend weather suppos nice partli cloudi with small chanc dooooom
233,imma chef imma cook storm morn
234,look like rain ever # weather
235,fine bout thi interview weather there
236,just seen thi toyota commerci think would truck have thru almost degre
237,just turn today kid degre grad school good health real
238,needless scorch still have been back insid quit some time
239,been inform that bell well also time snow white
240,cant believ about weather either take
241,tuesday hourli mari counti
242,
243,
244,
245,gosh scanner activ thi morn everyon misbehav becaus sunni weather went away
246,sever thunderstorm warn camden miller counti until # midmowx
247,what produc pippa perfect posterior find secret plu pic pippa look tight jean
248,huge thunderstorm thi morn rain lot final thunder lightn work texa know have storm
249,just realiz that probli onli person dumb enough tweet imdb info while stuck outsid hail storm
250,learn more about bachelor degre tonight edward sign learn more
251,agre beauti view mine just walk through hill sunshin made nice walk home hope stay
252,also need know degre right stooooopppp
253,turnpik florida turnpik sunshin parkway
254,need some warm cappuccino thi ugli raini eleven
255,# arenafootbal storm
256,sunni sky over librari plaza branch omin sky over downtown siren still ring
257,freez still look rock
258,hope everyon have better weather than here england hope stop rain sometim soon
259,discoveri kid climat cube weather inform station
260,realli what go with thi weather tent tent that question bride right
261,gardner humid feel like alert current advisori
262,congratul will fight until have more degre than shall defeat more week wait # indi
263,katilyn chat movi walk outsid sprint like thunder storm # matur
264,outsid humid wind press rain
265,happi birthday # leesoonkyu sunni
266,rest tonight
267,
268,
269,today just been weird round would blame weather just seem easi
270,windi side still downtown # coloradospr happi hour until
271,oti red make some excel sunni sunday music
272,graduat degre educ
273,buggin onli have shirt shake like stripper # freez
274,room freez
275,have much today weather doesn make better
276,degre sunni yeah go hell
277,cheer # acbw with blue doubl bottl sunshin
278,mother sunshin
279,blaze storm blaze cyclon halftim # stormsocc
280,should went colombia month least they have beauti weather
281,updat flood inform with rain continu
282,where save young girl storm center comfort zone
283,after see that go wash eye with some nice boil bleach thank
284,sever thunderstorm warn lancast counti until # pawx
285,weather geek alert # noaa show nina weaken seattl peep look good summer
286,nice enjoy good weather caus realli mood work
287,anoth amaz southern hemispher weather appropri garment
288,# weather feel humid southeast wind
289,love thi warm weather
290,wan na caribbean wan na bring wan na some sunshin # wannagobw
291,some folk from abov were taken aback your left boot tini leak good thing water abov degre
292,where sunshin think texa call name time move back home
293,wait storm tonight
294,tommorow nice weather that would first week year with good weather everi singl realli # spring
295,thi weather knock everyon
296,wolf grey aint clean thought they were gone shrug know shaq shit come
297,looki here window open inch final get warmer outsid mayb degre about time # whereisspr
298,freak freez thi biiiiiiiiiitch
299,heard told storm church almost cri made think mama
300,weather disrespect thi week
301,playin crawford move # cold
302,listen sunshin anderson type paper # collegeday where been
303,love thi awesom iowa weather suppos tomorrow they record high
304,hors have muscl each allow them rotat their ear degre
305,same here bluegrass could humid though
306,scatter shower thunderstorm possibl vega
307,storm down tree kill twin sister twin sister were were kill when sever storm blew through part
308,suppos today sunshin earli slight chanc shower storm later go aunt hous later
309,storm with quarter size hail make situat joplin even tougher
310,call crazi enjoy cool weather becaus know month degre outsid # memphisheat
311,chef gelman driskil join beer pair duel against chef snow judg hill restaur
312,could good # storm today
313,look like sunshin although think outdoor concert when didn rain bring poncho anyway # rockvillefest
314,weather get again sigh
315,statesvil weather fair ski temp wind rain today
316,beauti thank great weather everyon
317,how them weather hawaii
318,thi took tumblr storm month natur onli just see love
319,special weather statement issu expir central illinoi
320,yeah forgot today kinda weather # allsmil # grate
321,sever thunderstorm warn fulton knox peoria counti until # ilwx
322,thi mornin kid were makin crazi just found them singin sunshin age # myraptureplaylist
323,thi week will mark longest stretch weather sinc februari # happymonday
324,what pictur perfect here coeur alen anyon els enjoy sunshin
325,photo weather forecast # raptur
326,mile min felt good degre start with veri littl wind
327,subway head museum weather perfect bodi much thi week walk start kick
328,sunni
329,look anoth raini week make weak
330,beauti weather bring everi their mama sheesh tell mom feed
331,storm announc today that they have sign tyler thoma jeremi bolling year deal
332,updat recip summer soup perfect weather
333,degre larg bacon cheeseburg work # poorlifechoic
334,softbal open delay weather push depaul indiana
335,# salut go show kid love tuscaloosa were affect storm
336,today weather simpli perfect rowan happi outsid sunblock mother just use oliv
337,reed timmer follow fairview storm right while launch probe into larg tornado
338,smokin that good shit degre yeah said put duke
339,feel humid wind gust pressur # weather
340,thi weather rock like littl switch
341,sever thunderstorm warn cooper petti salin counti until
342,# weather feel humid northeast wind
343,weather gettin pretti still gon na abl come home today
344,# aot that back go play unchart crysi motor storm onlin
345,# weather feel humid west wind
346,# weather feel humid southeast wind
347,hope everyon great weekend just love sundress weather
348,wait patient electr gloriou caith huge sky plenti sunshin
349,# weather feel humid south wind
350,fuck teacher tryna outsid today shit
351,happi birthday weather shitti yeeeesh well atleast smile bright
352,friday fest chilli
353,yeah freez that sunshin fool fooooooooooooooooooooool
354,thi weather some bullshit
355,sunni tomorrow
356,sooooo annoy with these weather tweet live ohio what expect # getoverit
357,wednesday partli sunni slight chanc rain shower morn then slight chanc thunderstorm
358,former homebound student mine die thi morn like sunshin alway posit despit condit
359,weather turn gorgeou
360,anyon think that sunshin pure happi never danc rain
361,doe lindsay lohan hate christma been rehab dash through snow lmmfao
362,nothin like walkin salon with fresh lollipop beauti sunni love
363,haha sunni down here
364,ladi with pink feather extens reason want mine
365,partli sunni ski show mother
366,audibl skip weather nashvil bound
367,prepar worst still pray best with thi storm stuff
368,georgia weather pissin
369,storm outsid bueno
370,weather alert wednesday
371,kid keep use word like fresh sunshin must investig while gone would read post
372,check
373,niggaz degre
374,last full week school summertim sunshin # seeyousoon
375,# storm yeah
376,greaaaat room test freez
377,syria arrest score damascu suburb soldier reportedli storm saqba make sever arrest overnight http
378,feel humid wind gust pressur # weather
379,head provinc siem reap check work local church do commun there
380,
381,today pretti great weather wise thi
382,degre saturday night love
383,activis blizzard quarterli profit sale rise reuter reuter york reuter activis
384,# weather feel humid southwest wind
385,dayum lmao lock hous wait compani come lmao
386,graduat school award more than degre
387,spend thi raini museum # moma # sundayafternoon
388,around detroit weather page
389,day half over still haven seen mother upsid degre outsid
390,gator found jamestown detail plu sport weather
391,weather halt end tie game seattl goduck
392,take lighten over snow thunderstorm
393,high ati alway sunni florida
394,# weather feel humid northeast wind
395,went hobo joe today snow cone
396,# weather feel humid northeast wind
397,great mother weekend weather veri nice
398,help # joplin salvat armi provid emerg relief servic text word joplin make donat # cnn weather
399,what teas yesterday nice weather
400,readi hous here
401,windi here rustl night blow away clutch straw where cosmic wind carri your scent # micropoetri
402,lightn from storm last night spectacular they were predict storm realli
403,thi weather crazi especi while drive mayb ballet will cancel
404,lyric beatz deal your music there with
405,gunmen storm afghan govern build
406,freak about thi final librari damn
407,blog thi week includ outdoor recreat reco good time with thi gorgeou weather
408,death glass sunni mccoskey napa valley mysteri sunni mccloskey napa valley mysteri
409,enjoy midwest weather
410,outsid
411,weather seattl
412,tonight tomorrow partli cloudi low around high around chanc storm # richmond # weather
413,fuck tavi stupid fuck idiot cancel practic befor fuck drive minut fuck storm medina fuck
414,live countri booni like call these thing quit often start warm
415,lemon berri real fruit slush from sonic
416,# weather feel humid southeast wind
417,damn power
418,love profil gorgeou weather
419,tatum temp dewpt wind rain # weather
420,haha wayn snow warm thi morn here have slice cake
421,storm damag budget negoti mani minnesota militari famili face hardship
422,
423,hope colder weather would hasten their demis afraid onli prolong inevit
424,been chat storm # blackberrymesseng with bunch cool peopl
425,thi weather left complet incap function normal person
426,watch system think need sunni life wait love with
427,# weather feel humid east wind
428,stuck overnight that aw been delay blizzard befor flight feel sorri connect
429,fuckin
430,degre take
431,# weather feel humid southeast wind
432,partli cloudi temp pre rain wind windchil # cltwx
433,hate auto lock door lock myself apart freez death outsid shirt
434,get warm them thar hill amador counti foothil shendoah valley plymouth nice sunni warm
435,amen bull defens good blown they just have weather thi storm take lead
436,life about wait storm pass about learn danc rain
437,rememb weather suck thi last regardless feel good just stay relax # chillin
438,soooo cold outsid grrr
439,outsid sleepin cloth
440,degre onli noon just land bout outchea cont
441,sunni weather drive back diego spend long memori weekend hubbi day what make smile today
442,cold here cold outsid
443,green snow love that grinder
444,yello look next snow patrol recommend thi stop play
445,degre
446,put utensil away cover mirror monitor televis stay away from window hide closet storm come
447,snowi white laundromat broadhead monaca
448,check thi joint shit free pass help sista
449,rememb alway play after storm matti stepanek
450,raini kansa citi intern airport other
451,ashley storm were watch dub unfortun whatev
452,popcap blizzard casual game could purchas popcap game sight unseen know get somethin
453,italian toddler left die yahoo new # wtf alert # pullup # get head winter # hotnow
454,right chelsea sure what were go
455,
456,
457,
458,
459,shawde keep cummin offic talkin bout sunshin like want cooki bitch
460,shit go down fuck outsid
461,sunni marin counti right thank
462,think have some snow although final spring thi week
463,# weather feel humid variabl wind
464,storm upon ptsd veteran veteran awar coalit
465,have argument with girlfriend jump sunshin skyway bridg live
466,# weather feel humid south wind
467,cleveland weather blow
468,hous below zero degre time
469,check entir album here then
470,windi
471,feel grwat durham sooo here # deepsouth
472,noth beat cozi raini even with homemad chili cornbread much bourbon thursday night
473,yike sound like know your season # louisvil that crazi stuff like # detroit weather wise
474,ffuck enough hoe time count money damn summer dark sunni
475,weather there
476,couldnt agre more what temp
477,with thi damn bipolar weather
478,wednesday snow shower snow accumul inch high
479,feather storm childhood lost chao
480,vent next toliet guest bathroom provid perfect temp # shittertwit
481,special weather statement issu expir mobil
482,go today first time age weather perfect might also hamburg # dreambig
483,anyon stream video from park resort today look like nice weather
484,exactli weather these rat prowl
485,soup sell golf cart text messag raini outsid geniu
486,need your lovin like sunshin
487,storm thi even anyth like game tonight # royal fcast sorri
488,upload video snow origin song mark gott
489,serious that februari weather
490,five love snow patrol have thi band they go huge
491,bout enjoy thi sunshin
492,special weather statement issu expir lacross
493,seattl sunshin make want book cruis love sail away from seattl when sunni
494,couldn better weather
495,youtub espn draw star storm batter alabama alabama footbal coach nick colleg footbal
496,humid play with match kid forget corduroy # friction
497,weather beyond beauti
498,wowww # detroit ever normal warm weather stuck traffic motherr efferrr
499,goddamn thi weather rain well least back
500,noth like lazi sunday afternoon wait storm roll
501,ohio tornado databas contain report over tornado that have touch down ohio between
502,signific damag from tornado joplin appear window blown hospit live coverag weather
503,improv tweet abil studi time befor hit sunshin thank
504,kilomet min felt great amaz weather good short minu propel drink boug
505,bring sunshin bring good time # summer
506,last night awesom weather beauti good mood high rest weekend which
507,footbal spark twitter storm twitter user have react footbal find put
508,discount herm handbag onlin sale newest style includ check
509,thi windi weather go turn # canola fast keep close plan swath push # okanola
510,yummay weather with some yummi oyster
511,thi weather make veri happi
512,happi monday strive overcom grey doldrum here rise over icki weather suppos rain whole week here
513,thi weekend raini day term have anyth class
514,chilli chili chile chilli chili mirchi chilli pepper paprika
515,damn goin rain next week where weather
516,whisnant just said state economist gotten budget incom forecast wrong time wrong make feel warm fuzzi
517,tomorrow degre that what fuckin talk
518,just hippi wood play djemb raini sunday afternoon
519,correct weather aw head practic
520,andddd wool degre outsid
521,yall crazi campn with waitn jay cold # seriou
522,# friday weather trubbl thur into
523,million degre
524,# iphon # ipad # app hurricanesoftwar ihurrican with push # weather star
525,thi nice weather sure doe bring best folk
526,good morn holi humid thi thing about move back east from colorado that didn miss face hate
527,sever thunderstorm warn until issu edward kiowa counti with gust hail possibl
528,such awesom today got ta love sunni day
529,press check issu amadeu prospectu newslett # travelag # traveltech
530,need work # plan again
531,these # extremecoupon folk blizzard person want dream just have goodi
532,hit that nake weather
533,freez
534,doin good wait some good weather
535,warm sunni deserv delici gourmet slightli pornograph hotdog from wild dawg
536,special weather statement issu expir buffalo
537,good cold quick just degre # wheresmycoat
538,know what mean go well final have nice weather
539,hater make like bee stinger drop dead # cold
540,mind rain your face like sunshin
541,best warm weather call make plan love have everyday
542,# weather feel humid southwest wind
543,cold # water # hot # cold
544,holi fuck shit just eargasm hard listen cave with approach storm
545,twitt some temp soooooooooo fake
546,damn weather just turn stay sunni
547,water sprinkler damag requir profession cleanup befor atlanta weather make difficult prevent
548,happi chirp bird thi morn confus thought there might sunshin just gloomi what smile about bird
549,phone been ring sinc must sunni again # boutim
550,full blown storm costum storm pretti cool gon na clean room
551,eric wright ruthless terror either parish paralyz caus degre fahrenheit
552,turtl pizza wildflow sunshin grenad your jell cours pontiac tran full puppi
553,sever storm warn mile north windom move north
554,
555,driven david zachari rumley gettin ultra swagg today watch puttin fire
556,snow white holla forgot check harbor court
557,look columbu circl # nyc # rain
558,fuck wear nike fila reebok want some beauti beast snow white lion king shoe lmao # childhoodmemori
559,# childhoodmemori sunni ballin them nigga charl green sumner park
560,weather say that area get storm stay away from window glad bed right under
561,hereee with blow sunshin scotti # americanidol need anoth countri star thank
562,babi keep spot warm lmao thi thunderstorm make wish someon cuddl with
563,more than prize soleil day sunni moment promo enter feelthesoleil rule # sweepstak
564,concern sever thunderstorm watch part cntrl nern swrn
565,hell outsid
566,wrong think never seen snow march
567,just damn outsid
568,today give stranger your smile might onli sunshin see
569,misti cloudi raini even spoil view beauti niagara fall
570,bought salad sunshin store chicken gone bite make sick right
571,caus then cold then then
572,keep your face sunshin can not shadow
573,anyon els just sick tire thi weather
574,most follow usual around talli that where storm
575,what stranger whole over thi back hate weather what about
576,honey tonight first friday crossroad district weather go gorgeou some come
577,greet love snow patrol thi right street hear them here
578,cold shake minuit freak
579,bout chase money till sunni sleep money stretch long wall street
580,thi weather depress
581,sundress weather best weather
582,thi must weather channel gone into commerci free mode
583,time sign sever weather text follow facebook
584,antonio texa weather overcast from antonio texa weather
585,knew like sunshin your morn pencil your paper eyelid your
586,# weather feel humid south wind
587,datelin elkhart lake cloudi chilli rain forecast perfect manic depress test race much
588,mom go tonight with date lmao
589,head outsid enjoy thi weather much befor rain inevit return
590,video weather updat includ tornado watch detail
591,nice abl wear skirt walk outsid sunshin without feel cold love # summer
592,mann weather talkin bout
593,onli thing move foward focu futur hard seem onli better storm last forev
594,plant strawberri enjoy sunshin
595,love thi weather
596,hope morn jacksonvil weather hell degre
597,could serious listen long thi storm scare
598,morn sunshin partli sunni
599,just windi post becaus tree build
600,insaneee weather over here
601,winston plan pool parti sinc hell outsid
602,# tropicalstorm # philippin # jtwc atcf track tropic storm aer # aer # bebeng
603,good morn thi beauti sunni morn
604,that have found hard that seat belt buckl could use brand iron # teamfollowback
605,tornado warn central tornado near saginaw move east southeast softbal size hail
606,
607,someth els bear mind # muchado pray good weather
608,love thia storm
609,love window seat # lakelyn when storm roll
610,whoevr patricia patric clark harri tricia mean sound like sunni hostin suck
611,thank hope same more inclin outsid wasn thi alreadi
612,hullo look next snow patrol recommend thi listen
613,fire weather watch issu expir midland odessa
614,# weather feel humid south wind
615,thank awesom birthday wish think might fine sunni spot curl like
616,sever thunderstorm watch statu report statu report
617,
618,
619,
620,# weather feel humid north wind
621,been lazi exam day studi thi weather
622,team with storm victim
623,heard film studi year still rememb weather like public sauna stay cool
624,life much more manag when weather nice
625,have though think have wind burn windi howev tent windbreak guest surviv
626,sweden climat temperatur weather info stormi life
627,here snow treetop what could better
628,bikini weather pictur pictur # bikini # babe
629,sever thunderstorm warn benton carrol madison washington counti until # arwx
630,# cold herr
631,cool raini solut cider
632,outsid
633,chamber commerc weather great week network
634,gon na rain # sanfrancisco need # run today will rest # weather
635,sunni again someth clearli afoot # coffeeup
636,color these # yellow # calcit facet drop make smile sunni # artfir # afpounc
637,jealou just check weather mexico sunni everyday
638,wish wear pant right chilli outsid
639,sister pregnanc until final hold that bundl sunshin
640,check thi song drake
641,
642,
643,
644,learn about onlin master psycholog degre
645,well friend nice come outta woodwork next spam storm
646,quartet snowi owl find home beardsley bridgeport
647,
648,
649,
650,
651,
652,what go with everyon thi raini gloomi just get readi groceri store
653,degre raini guess there cookout
654,they goin thi storm riskin life just caus afford miss class
655,# weather feel humid southeast wind
656,mostli sunni today high
657,sunshin lucki
658,still windi here vega miss
659,superstar feat stuey rock thunderstorm superstar
660,mayb spring humid bone expand
661,next time pari weather allow have picnic
662,sunshin inspir salut thi thank faber flourish yoga wellb back again
663,like outfit wife pick littl chilli never that again # red
664,well went freez ocean love everi second ittt
665,lluvia rain observemo tiempo weather watcher
666,move alreadi such unpleas activ sorri about weather
667,mango snow twist snow
668,amazingli outsid that mean time pool thank good look good piec
669,raini such letdown after last week weather good move into bigger bedroom though
670,# ncwx condit durham current condit
671,
672,
673,fair butler counti automat weather observ report
674,believ variou degre hatr paranoia abandon
675,gon na degre tuesday wednesday
676,blog anoth anoth round thunderstorm
677,today weather dream chocol thank carri some local favorit
678,recommend check snow plow younginz
679,windi here
680,dawn send some your warm weather here brrrrr hope have monday dawnrachel
681,need long some sunshin
682,weather alert that usual
683,shelter keep close watch weather hug
684,humid must such unorthodox thing hair
685,five month after storm kill sago palm just realiz that they pot could have move them insid # dumbass
686,news about warm weather there seem more assault crime
687,snow where heck
688,# weather feel humid south wind
689,weather channel local just said sunni
690,couldn better forecast
691,get lobster snow crab leg lobster tail shrimp cheddar biscuit need extra workout burn cal
692,insomnia thunderstorm kept night much
693,today been pretti good smooth good weather make wan na
694,well blake surviv weather with thi thi tough posit # thevoic
695,sunshin make happi
696,cold outsid wear sandal
697,check thi pretti carter jone good weed white wine
698,left last nite woke freezzzinnggg rememb putn degre
699,sound delight wait stroll beach brain storm
700,excit thi weekend sunshin beach golf life good
701,book lemonad degre weather # perfect
702,press bibl studi thi weather truli # sacrific
703,guess move weather fuck plan onc again
704,today astonishingli beauti warm breez cool there just enough humid make your
705,sound like weather great thi weekend surpris that never sure thing point # justsayin # chicago
706,word street go snow later today
707,# weather feel humid east wind
708,sit deepsea world with mix slush puppi scone
709,brought sunshin from also brought traffic # smugglerstour
710,been rain that what michigan weather
711,share optim about warmer weather storm look quit impress radar
712,quick befor weather start
713,clearli sunshin steadi walk thru rain boosi
714,time celebr bday with some birthday cake yogurt degre
715,hang around noth els frown raini day # monday alway down carpent
716,# teamyabaleft where storm onli work insid rain
717,veri cool photo storm roll progress
718,# weather feel humid northwest wind
719,hope thi rain turn into thunderstorm wait window
720,snow patrol great get samey thi what think
721,goodi final warm enough neighborhood banshe street cryin about turn
722,# listen sunni black let
723,when will again degre radio preciou moment lyric raini afternoon # preciousmo
724,love weather week start turn today just weird
725,dirt arriv with more ralli mode snowi sky
726,# newmus sunni black let # twitraxtuesday
727,degre almost wisconsin hate
728,retir subdu tri storm cockpit say attack seem plan retir mateo polic
729,check video shit song crazi trust
730,sound like littl sunni rose heaven
731,valley center area under sever thunderstorm watch until
732,check littl storm that just pop radar south track
733,outsid wait freez worth
734,# weather feel humid southeast wind
735,done with rain head beach tomorrow final sunshin sand
736,roll video will shot until weather warm watch fan driver crew winter coat enjoy
737,weather gloomi cold
738,first last time walk class friday cornel thank snow # itsmay
739,ride # heatwav wheel melt # teamheat
740,freez boston how weather provid
741,wear thi dress freez thi airport damn
742,long night more weather come pleas limit travel listen warn siren alert radio
743,oper heatwav survey area center around fitzhugh live
744,after cold raini week ohio friday saturday have been beauti outsid
745,video midday weather
746,eewwww member when threw pink snow
747,tatum temp dewpt wind rain # weather
748,wrong around great gammer great pretti much everi game weather
749,help # joplin salvat armi provid emerg relief servic text word joplin make
750,humid could make temp feel like today
751,sever weather delay white ranger
752,# bestdogev crummi weather perfect chill with girl
753,laugh run fresh snow boulder got ta here trail awesom
754,jeri here your cute stori anchor save duckl from storm drain
755,check thi video john stewart chilli wind turf
756,freez
757,celebr homi graduat degre woman # motiv
758,thi weekend onli free ship with coupon code sunshin pass # etsi
759,like swim when cold outsid
760,# weather feel humid southeast wind
761,vote vote vote vote vote jamz sunni
762,tsunami warn weather radio
763,enjoy last night love weather salento wine cafe rice villag area south american inspir great wine select approv
764,jyeah brah brah name nigga alreadi snow
765,friend mine name judi famili rout right thru path storm prayer
766,wish sunni florida watch oriol thi seri # leggo
767,sunni love
768,brother told came tank freez
769,sport alright weather shit
770,sonic lemonberri slush pure # amazing
771,cloudi
772,weather shitti summer need come
773,yello love snow patrol thi right street love thi song
774,everybodi betta outsid enjoy thi good weather sure gone short live
775,visit # nowplay long fall malibu storm
776,hmmmm voic still crap thank thi cold think might audio tweet just anyon interest hear
777,take town storm expect noth less better readi visit
778,bitch outsid
779,gosh outsid
780,
781,take care bypass univers collid sunshin rainbow be unearth construct
782,sunshin link fatherhood parent page parent famili
783,damn well glad storm went right pass here
784,realli turn alway grunt dure that danc move louder diff perf realli loud like ughhahh
785,wojo just know while freez your michigan sweat mine
786,cold weather taylor swift play suddenli sleepi zzzzz
787,scatter thunderstorm develop across west texa southeast mexico will capabl produc light
788,sever thunderstorm watch statu report
789,burr cold today definit look forward sit outsid track meet # cold # ithoughtitwassumm
790,love gon na take austin storm # bestfriend
791,listen befor make miss sophomor year exchang that summer were storm chaser
792,think need anoth coat howev weather there exboyf say mayhap
793,sit front porch drink coffe watch sophi sing danc thi beauti texa weather # perfectmorn
794,weather chill balloon stamped
795,manni doesn want test weather
796,sonic orang slush
797,sunshin continu throughout western york
798,# cltnew wbtv new weather sport traffic charlott aptargroup wbtv
799,vietnames coffe thi sunni noon
800,# nowplay black blue miik snow
801,damn even when work degre engin
802,church tuscaloosa adopt storm victim famili from rosedal commun
803,some carmen electra aerob stripteas cindi crawford cycl hula hoop snow ball fought some balanc
804,sigma gamma soror
805,
806,
807,
808,houston weather diverticul houston weather
809,
810,
811,
812,
813,thursday keep local moment lack spondo sunni photograph
814,# weather feel humid east wind
815,bieber get knock stone cold femal secur footag awesom
816,health depart implement mosquito control after weather area around your home could ideal
817,ahem love snow patrol have thi band what think
818,readi thi weekend hope weather nice
819,glad nice weather here bike work that bike work just like nice weather
820,partli sunni thi afternoon with isol shower becom more humid tonight warm front approach then pass warm
821,check thi # love watchin came acro dusnt amazingli cute just sayin
822,haha there sever day some reason today seem extra nice weather beauti
823,# weather feel humid north wind
824,# weather feel humid southwest wind
825,love when rain dark gloomi thi just perfect weather singl
826,hail storm andrew
827,live coverag from springfield # joplin # tornado thank
828,what happen with # southeasttoday weather girl leav kay
829,cold raini here boston wish with # krew
830,trace adkin sing raini night georgia damn mean dayum
831,isol thunderstorm thi afternoon high tonight
832,sever thunderstorm warn atchison leavenworth counti until updat need from bryan busbi
833,# weather feel humid north wind
834,fuckin hell gon na rain chilli loui cours like sunni never there again
835,storm chaser lawton thi next week love coffe
836,want cold yucki
837,those keep faith within storm storm never last forev will alway shine again
838,let candl massiv lighten storm isl wight tell lighen where
839,# storm # cloud # twilight
840,
841,
842,have taken look hourli graph weather channel like that option
843,alright snow patrol great get samey thi listen
844,chocol here ridgeland basebal park what from coast thi some crappi cold weather
845,mostli sunni degre saturday perfect weather # preak
846,hello everyon look like rain wish could solid week warm sunni breezi weather sigh # groundhogday
847,lookin like ghetto mess week here lmbooooo
848,hous enjoy nice weather realli upset littl cousin over
849,blog updat what differ between dust devil dust storm # azwx
850,email sesnd thi music from sunni later mixtap # bgn
851,go walk esplanad just becaus sunni
852,mostli sunni thi afternoon high tonight
853,partli cloudi stuart powel field airport humid
854,
855,
856,gardner humid feel like alert current advisori
857,these kid have wore # whew time nake
858,tech state that ticket hold until storm damag repair
859,becaus temperatur degre
860,thunder storm oklahoma citi thunder
861,know that raini day stress when your kid stuck insid desper activ occupi
862,damn alreadi degre make veri happi bring heat
863,just finish copi edit histori ancient britain emerg blink into sunshin first time day
864,still cold outsid work hasn call
865,nation weather servic lower mississippi river forecast center
866,
867,honey chilli thi weekend chrissi
868,nope never chanc head next time thank recommend wish weather better down there
869,hangin corner hangin feller lookim chick
870,sunni dover haha
871,where sunshin
872,well those thunderstorm do yard work were nice
873,droppn storm video tomorrow crazyy black thought
874,free tonight look like weather might side
875,weather better right tonight
876,basebal degre beauti baum stadium play
877,ride storm local hous still sluggish
878,ughhhhhh damn outsid
879,# childhoodmemori race snow after bball game germantown
880,# sunshin
881,# weather feel humid south wind
882,smoke rollin window cold beer sittin consol
883,made fool bring down made your heart melt cold core
884,storm award yeah
885,what sunshin
886,outsid clock night degre # fuckyeahsumm
887,lmao yesssss miss member slip snow tryna lmao
888,check line main stage press
889,raini weekend ahead what will do conni
890,what tell yesterday chanc thunderstorm forecast tomorrow storm forecast week until thursday
891,miss parent pool hang inlaw pool pool hous mother sunni degre
892,siesta beach with beauti sunni
893,powerbomb humid well pleas
894,light rain windi grand island central nebraska region airport wind from north
895,train storm come train leav
896,vata articl windi here everyonn vata through roof
897,thi weather forecast depress
898,degre cloudi love cloudi
899,degre insid outsid need anoth blizzard
900,thi hous beyond cold feel like layin insid freezer pleas turn # freez
901,rockin thi maverick game dirk durant flat cold basketbal court
902,weather god have been listen thi weather love # portland
903,stay late craft storm
904,raini gloomi here angel still have sunscreen becaus everyday rain shine
905,# weather feel humid variabl wind
906,cloth fail pack london weather mistak # manchest
907,fund raiser boyd ranch success although auction short windi wind
908,hannah storm will fuck storm
909,heard weather love there
910,# haveyouseenacoupl snow bunni intrushunn east coast
911,dunno which asshol flunk weather school whatev should need jacket
912,onli person heard that loud thunder storm last night that just
913,hannah storm that sound like comic book charact name
914,that call spring weather
915,earn degre sticker
916,tomato plant grow nice weather garden # weathermanhasagreenthumb
917,weather forecast thi even look fabul stop tonight lpyp rock boat parti columbia
918,there least peopl still left overstock coliseum overstock fan raini night # mlb
919,wish cool enough wear ugg degre weather
920,have kick warm weather play mini golf like kid
921,absolut freez after lunch need warm
922,sever weather dalla caus flight delay divers from ksat local new
923,fair enough thi weekend million thing go like everyon decid celebr good weather thi weekend
924,# werockeachothersworld proud your twitter frank hope have # sunni bright smile
925,humid even thi oklahoma say welcom home
926,sever weather delay player championship
927,hope been sick late fuck weather screw
928,rememb safe around # utflood water they were snow long veri cold
929,weather better decent becaus go through tribe withdraw
930,told interview pretti sunni park some friend went detail
931,storm damag cross wwii share storm stori
932,today weather would # perfect creek fest finger cross
933,what camp much water sunshin dure clear sky star night
934,chilli feet slyli tryna seem cute
935,video blawan get down more summer vibe raini day
936,sever thunderstorm warn remain effect until south central gaston counti
937,summer still chilli willi here
938,say world end today bank becaus know save raini
939,thi cold blow babi like thi
940,argh doe behind have blow straight thi freez
941,thi weekend with chanc storm kendra webcast brand onlin
942,there sunshin when gone
943,ukrain weather forecast spark polit storm
944,ooooh know gone degre that track meet friday full nigga
945,outsid
946,friday afternoon shop sunshin margarita happi
947,fuck outsid go extra deodor
948,think there hint sunshin here have send latt cold muscl have seiz
949,have here blue wait storm eat fabul burger oakley
950,storm joke back greensboro
951,local mail fail when deliveri wrong through rain shine snow sleet mail alway get deliver
952,week from today solar sunday idaho green expo hope sunni amaz
953,montreal weather webcam hubert street plaza canada
954,have been miss semi perf run weather
955,alway nice sunni mother stay raini father
956,sever thunderstorm warn nobl counti until
957,goodi sold mojo moxi poppi follow mojo moxi shoe # winhotsho # contest
958,# weather feel humid north wind
959,# unit state # wisconsin # wisconsin dell # the buttesth nation weather associ press
960,event sever thunderstorm warn from christian coun read more
961,three thing about flight down across seat just fine freez thi
962,drive care hope storm doesn good long power stay
963,weather expect realiti
964,rhode island sunshin beauti dark grey sky shit ugli
965,sever thunderstorm warn allen wert counti until # ohwx
966,scatter thunderstorm thi afternoon high tonight
967,nation storm report here observ tornado report today
968,dress weather again
969,flash # flood warn effect part long island tstorm # sne # weather # nyc
970,# happymonday sweet coolin just work tryin stay warm thi bama weather skidzo what doin
971,when uneduc refer diploma degre worri
972,everi that think about wash turn weather suppos rain like legit everi singl time
973,realli hope weather forecast thi weekend come blue ski
974,noth like siren go area sens immediaci weather report least worst pass north
975,post edit cross technolog weather direct internet power wireless forecast
976,realli outsid
977,busi world sketch raini day
978,event sever thunderstorm warn from woodward count read more
979,doe snow idaho utah colorado mexico decemb
980,morn start with some patchi isol shower storm possibl later mani yesterday
981,weather keep indoor today join worship thi weekend saturday sunday
982,just inform sister that canuck fan stole green from alway sunni philli surpris more know
983,satweath weather satweath devic universalcategori weatherpric version itun descript
984,
985,mayb your exemplari custom servic from googl tie into hell freez over
986,bone chill cold outsid
987,fals friend like shadow keep close while walk sunshin leav instant
988,weather been fork late # twilight edward cullen paint with
989,shucker wake forest tonight start fantast weather even patio
990,mind stormi weather better make neighbor alarm night like last night well someth
991,tag applicat blackberri devic book flight clever tool currenc convert weather forecast devic
992,severewarn sever thunderstorm warn benton mill lac sherburn counti until # mnwx
993,gon na storm
994,dear perfect weather thank vest lunch hour time ladi bird lake trail other
995,weather trash
996,beauti weather town go grab pizano with rockin
997,snow money
998,that effect hope haha hate that snow look gorgeou that head with cloth haha
999,anoth raini blah
1000,happi birthday plan take care thi whole raini cloudi thing right parti rain with
1001,readi thi flight back later mammoth kinda bum snow season over gon na
1002,sever thunderstorm warn remain effect until northeastern picken northwestern
1003,children dress today weather mommyskil
1004,just play pocket sunshin unknown unknown unknown
1005,weather beauti even bird bump # mnisdop
1006,gone veri quiet here wine mayb everyon gone home earli enjoy sunshin
1007,
1008,sound like gone through some crazi weather
1009,play euchr windi sunburnt outsid tourney drink yoohoo wear zebra print sunglass break thi poker face
1010,plan chang weather time
1011,arsen blow weather amaz neighbor bumpin music into courtyard some babi scream # sunday
1012,shoutout sunshin thi morn # eastsid # tacoma
1013,folk enjoy nice weather rain back friday next day
1014,that about what temp here rather warm yesterday storm cold again
1015,care fair weather atlanta fanbas loyal # falcon # brave # hawk believ bandwagon jump
1016,uqhhh sooooo outsid # texasweath
1017,weather alert flood warn issu expir glasgow
1018,hail just dark cloud pass overhead southern sunni windi
1019,friday even weather beauti last stand offic bitter onli make payday that much sweeter stay hungri
1020,perfect weather natur disast thnk came earli
1021,ahhh weather
1022,wish girlfriend thi perfect weather nake
1023,good dreari raini foggi drizzli misti stormi morn everyon
1024,even weather # thunder
1025,right despit feel gon na play some sand volleybal enjoy weather with besti more vote # teammusso
1026,rhode island beauti sunni
1027,# weather feel humid southeast wind
1028,noth better then woman warm weather # yeahiamthattyp
1029,check thi shit cont
1030,cold outsid
1031,vintag linen item snowi white great shandraslinen
1032,# weather feel humid south wind
1033,break larg wedg tornado ground come into okla citi live weather blog
1034,weather chanel cameraman turn away from recoveri bodi live after tornado slam joplin missouri msnbc
1035,guess anoth sever # thunderstorm head toward
1036,
1037,wan na someth want caught storm tonight think just stay home
1038,prayer go joplin missouri everyon affect thi crazi weather
1039,calm after storm redgag
1040,good morn sunni pick then wilton hous near salisburi think
1041,just snow white work ladi foot locker look serious fairest mall
1042,move your hail storm your fix might fixabl # preparenow
1043,outsid look window them bother anim
1044,commun blood center media blood drive tue noon westridg mall penney lower level blood help joplin
